2.0709e-10,3.562e-06,0.013749,0.068365,0.062437,0.070046,0.070046
2.0212e-10,3.4765e-06,0.01342,0.066725,0.061173,0.067814,0.067814
2.0089e-10,3.4554e-06,0.013338,0.066319,0.060859,0.067265,0.067265
2.0089e-10,3.4554e-06,0.013338,0.066319,0.060859,0.067265,0.067265
2.0089e-10,3.4554e-06,0.013338,0.066319,0.060859,0.067265,0.067265
1.9247e-10,3.3106e-06,0.012779,0.06354,0.058692,0.06353,0.06353
1.9247e-10,3.3106e-06,0.012779,0.06354,0.058692,0.06353,0.06353
1.913e-10,3.2904e-06,0.012701,0.063153,0.058388,0.063015,0.063015
1.9014e-10,3.2704e-06,0.012624,0.062768,0.058086,0.062503,0.062503
1.9366e-10,3.3311e-06,0.012858,0.063933,0.059,0.064055,0.064055
1.9485e-10,3.3514e-06,0.012937,0.064323,0.059305,0.064577,0.064577
1.8102e-10,3.1135e-06,0.012018,0.059758,0.055701,0.058537,0.058537
1.7551e-10,3.0187e-06,0.011652,0.057938,0.054244,0.056171,0.056171
1.8213e-10,3.1327e-06,0.012092,0.060125,0.055994,0.059017,0.059017
1.8102e-10,3.1135e-06,0.012018,0.059758,0.055701,0.058537,0.058537
1.777e-10,3.0564e-06,0.011798,0.058662,0.054825,0.057109,0.057109
1.8326e-10,3.1521e-06,0.012167,0.060498,0.056291,0.059506,0.059506
1.7442e-10,3.0001e-06,0.011581,0.057581,0.053956,0.055709,0.055709
1.6495e-10,2.8372e-06,0.010952,0.054453,0.051418,0.05171,0.05171
1.7016e-10,2.9267e-06,0.011297,0.056172,0.052817,0.053898,0.053898
1.6806e-10,2.8906e-06,0.011158,0.055479,0.052255,0.053013,0.053013
1.6003e-10,2.7526e-06,0.010625,0.05283,0.050086,0.049664,0.049664
1.6598e-10,2.8548e-06,0.01102,0.054792,0.051695,0.05214,0.05214
1.6393e-10,2.8196e-06,0.010884,0.054116,0.051142,0.051283,0.051283
1.553e-10,2.6711e-06,0.010311,0.051267,0.048792,0.047713,0.047713
1.5435e-10,2.6549e-06,0.010248,0.050956,0.048534,0.047327,0.047327
1.5435e-10,2.6549e-06,0.010248,0.050956,0.048534,0.047327,0.047327
1.5907e-10,2.736e-06,0.010561,0.052513,0.049824,0.049266,0.049266
1.5435e-10,2.6549e-06,0.010248,0.050956,0.048534,0.047327,0.047327
1.5717e-10,2.7033e-06,0.010435,0.051885,0.049305,0.048482,0.048482
1.5435e-10,2.6549e-06,0.010248,0.050956,0.048534,0.047327,0.047327
1.5717e-10,2.7033e-06,0.010435,0.051885,0.049305,0.048482,0.048482
1.61e-10,2.7692e-06,0.010689,0.05315,0.050349,0.050065,0.050065
1.5251e-10,2.6231e-06,0.010125,0.050346,0.048025,0.046573,0.046573
1.5067e-10,2.5916e-06,0.010004,0.049741,0.04752,0.045828,0.045828
1.5159e-10,2.6073e-06,0.010064,0.050043,0.047772,0.046199,0.046199
1.4976e-10,2.576e-06,0.0099434,0.049441,0.047268,0.045459,0.045459
1.4797e-10,2.5451e-06,0.0098241,0.048848,0.04677,0.044733,0.044733
1.4797e-10,2.5451e-06,0.0098241,0.048848,0.04677,0.044733,0.044733
1.5251e-10,2.6231e-06,0.010125,0.050346,0.048025,0.046573,0.046573
1.453e-10,2.4991e-06,0.0096468,0.047966,0.046027,0.043659,0.043659
1.453e-10,2.4991e-06,0.0096468,0.047966,0.046027,0.043659,0.043659
1.4009e-10,2.4096e-06,0.0093014,0.046248,0.04457,0.041586,0.041586
1.4355e-10,2.4691e-06,0.0095309,0.04739,0.04554,0.042961,0.042961
1.3924e-10,2.395e-06,0.0092448,0.045967,0.04433,0.041249,0.041249
1.4267e-10,2.454e-06,0.0094726,0.0471,0.045294,0.042611,0.042611
1.3506e-10,2.3231e-06,0.0089672,0.044587,0.043147,0.039605,0.039605
1.3839e-10,2.3804e-06,0.0091885,0.045687,0.04409,0.040914,0.040914
1.3423e-10,2.3088e-06,0.0089121,0.044313,0.042911,0.039281,0.039281
1.2938e-10,2.2254e-06,0.0085903,0.042713,0.041526,0.0374,0.0374
1.3839e-10,2.3804e-06,0.0091885,0.045687,0.04409,0.040914,0.040914
1.3018e-10,2.2391e-06,0.0086432,0.042976,0.041754,0.037708,0.037708
1.3259e-10,2.2806e-06,0.0088034,0.043772,0.042444,0.038643,0.038643
1.3342e-10,2.2948e-06,0.008858,0.044044,0.042679,0.038963,0.038963
1.3588e-10,2.3372e-06,0.0090218,0.044858,0.04338,0.039927,0.039927
1.3506e-10,2.3231e-06,0.0089672,0.044587,0.043147,0.039605,0.039605
1.3098e-10,2.2529e-06,0.0086964,0.04324,0.041984,0.038018,0.038018
1.3098e-10,2.2529e-06,0.0086964,0.04324,0.041984,0.038018,0.038018
1.2859e-10,2.2118e-06,0.0085376,0.042451,0.041298,0.037094,0.037094
1.3098e-10,2.2529e-06,0.0086964,0.04324,0.041984,0.038018,0.038018
1.3342e-10,2.2948e-06,0.008858,0.044044,0.042679,0.038963,0.038963
1.3018e-10,2.2391e-06,0.0086432,0.042976,0.041754,0.037708,0.037708
1.3423e-10,2.3088e-06,0.0089121,0.044313,0.042911,0.039281,0.039281
1.3423e-10,2.3088e-06,0.0089121,0.044313,0.042911,0.039281,0.039281
1.3018e-10,2.2391e-06,0.0086432,0.042976,0.041754,0.037708,0.037708
1.4619e-10,2.5144e-06,0.0097059,0.04826,0.046275,0.044017,0.044017
1.3672e-10,2.3516e-06,0.0090773,0.045134,0.043617,0.040256,0.040256
1.3018e-10,2.2391e-06,0.0086432,0.042976,0.041754,0.037708,0.037708
1.2701e-10,2.1847e-06,0.0084329,0.04193,0.040844,0.036489,0.036489
1.2315e-10,2.1183e-06,0.0081767,0.040656,0.039727,0.035017,0.035017
1.2014e-10,2.0665e-06,0.0079767,0.039662,0.03885,0.03388,0.03388
1.1572e-10,1.9904e-06,0.0076831,0.038202,0.037553,0.032226,0.032226
1.1145e-10,1.9169e-06,0.0073993,0.036791,0.036288,0.030648,0.030648
1.1572e-10,1.9904e-06,0.0076831,0.038202,0.037553,0.032226,0.032226
1.1356e-10,1.9533e-06,0.0075399,0.03749,0.036916,0.031428,0.031428
1.1572e-10,1.9904e-06,0.0076831,0.038202,0.037553,0.032226,0.032226
1.2014e-10,2.0665e-06,0.0079767,0.039662,0.03885,0.03388,0.03388
1.209e-10,2.0795e-06,0.0080268,0.039911,0.039071,0.034164,0.034164
1.209e-10,2.0795e-06,0.0080268,0.039911,0.039071,0.034164,0.034164
1.2315e-10,2.1183e-06,0.0081767,0.040656,0.039727,0.035017,0.035017
1.2469e-10,2.1446e-06,0.0082783,0.041162,0.040172,0.035599,0.035599
1.209e-10,2.0795e-06,0.0080268,0.039911,0.039071,0.034164,0.034164
1.1718e-10,2.0156e-06,0.0077803,0.038685,0.037984,0.032771,0.032771
1.1792e-10,2.0282e-06,0.0078289,0.038927,0.038199,0.033045,0.033045
1.1718e-10,2.0156e-06,0.0077803,0.038685,0.037984,0.032771,0.032771
1.224e-10,2.1053e-06,0.0081265,0.040407,0.039508,0.034731,0.034731
1.2165e-10,2.0923e-06,0.0080766,0.040158,0.039289,0.034447,0.034447
1.2165e-10,2.0923e-06,0.0080766,0.040158,0.039289,0.034447,0.034447
1.3259e-10,2.2806e-06,0.0088034,0.043772,0.042444,0.038643,0.038643
1.2014e-10,2.0665e-06,0.0079767,0.039662,0.03885,0.03388,0.03388
1.1866e-10,2.041e-06,0.0078784,0.039173,0.038417,0.033324,0.033324
1.1215e-10,1.929e-06,0.0074462,0.037024,0.036498,0.030908,0.030908
1.1428e-10,1.9656e-06,0.0075874,0.037726,0.037128,0.031692,0.031692
1.1572e-10,1.9904e-06,0.0076831,0.038202,0.037553,0.032226,0.032226
1.1572e-10,1.9904e-06,0.0076831,0.038202,0.037553,0.032226,0.032226
1.0867e-10,1.8692e-06,0.0072152,0.035876,0.035462,0.029636,0.029636
1.209e-10,2.0795e-06,0.0080268,0.039911,0.039071,0.034164,0.034164
1.1792e-10,2.0282e-06,0.0078289,0.038927,0.038199,0.033045,0.033045
1.2469e-10,2.1446e-06,0.0082783,0.041162,0.040172,0.035599,0.035599
1.2623e-10,2.1712e-06,0.0083809,0.041672,0.040618,0.036189,0.036189
1.2623e-10,2.1712e-06,0.0083809,0.041672,0.040618,0.036189,0.036189
1.6003e-10,2.7526e-06,0.010625,0.05283,0.050086,0.049664,0.049664
5.0917e-10,8.7578e-06,0.033806,0.1638,0.12803,0.2326,0.2326
4.0815e-09,7.0201e-05,0.27098,0.87753,0.53632,3.7368,3.7368
1.0933e-08,0.00018805,0.71562,1.7255,0.97439,13.911,13.911
1.8225e-08,0.00031347,1.135,2.3972,1.3073,21.003,21.003
2.3519e-08,0.00040453,1.4125,2.8108,1.5083,24.95,24.95
2.816e-08,0.00048436,1.6416,3.1395,1.6664,28.176,28.176
3.4373e-08,0.00059122,1.9314,3.5423,1.8585,32.236,32.236
4.2886e-08,0.00073765,2.3035,4.042,2.0945,37.43,37.43
4.8065e-08,0.00082672,2.518,4.323,2.2263,40.425,40.425
4.7929e-08,0.00082438,2.5125,4.3158,2.2229,40.348,40.348
4.7523e-08,0.0008174,2.4959,4.2943,2.2129,40.117,40.117
4.388e-08,0.00075474,2.3453,4.0972,2.1204,38.014,38.014
3.7691e-08,0.00064828,2.0796,3.7433,1.9537,34.305,34.305
3.2863e-08,0.00056524,1.8626,3.4477,1.8136,31.272,31.272
2.673e-08,0.00045976,1.5722,3.0411,1.6192,27.202,27.202
2.6319e-08,0.00045268,1.5521,3.0123,1.6054,26.918,26.918
2.7396e-08,0.00047121,1.6046,3.0872,1.6413,27.657,27.657
3.427e-08,0.00058945,1.9268,3.5359,1.8555,32.171,32.171
4.2763e-08,0.00073553,2.2983,4.0351,2.0913,37.358,37.358
5.2307e-08,0.00089968,2.688,4.5424,2.3288,42.801,42.801
5.9624e-08,0.0010255,2.9707,4.9016,2.4957,46.757,46.757
6.1633e-08,0.0010601,3.0462,4.9964,2.5397,47.815,47.815
6.6012e-08,0.0011354,3.2077,5.1979,2.6328,50.083,50.083
7.6544e-08,0.0013166,3.5816,5.6572,2.8443,55.348,55.348
7.8821e-08,0.0013557,3.6598,5.7523,2.8879,56.454,56.454
8.9244e-08,0.001535,4.0083,6.1711,3.0795,61.392,61.392
9.1615e-08,0.0015758,4.0854,6.2629,3.1214,62.489,62.489
8.3557e-08,0.0014372,3.8201,5.9458,2.9766,58.723,58.723
8.4e-08,0.0014448,3.835,5.9636,2.9847,58.933,58.933
8.0943e-08,0.0013922,3.7321,5.8397,2.928,57.476,57.476
8.7159e-08,0.0014991,3.9398,6.0894,3.0422,60.42,60.42
1.1019e-07,0.0018953,4.6656,6.9444,3.4311,70.786,70.786
1.3661e-07,0.0023498,5.4296,7.8201,3.8261,81.84,81.84
1.701e-07,0.0029257,6.3184,8.8132,4.2706,94.896,94.896
2.0552e-07,0.003535,7.1844,9.7591,4.6911,107.83,107.83
2.2532e-07,0.0038755,7.6414,10.251,4.9087,114.73,114.73
2.9578e-07,0.0050875,9.1453,11.838,5.6068,137.87,137.87
4.8891e-07,0.0084094,12.613,15.357,7.1364,193.58,193.58
1.1168e-06,0.019209,20.844,23.219,10.489,338.12,338.12
1.7407e-06,0.029939,26.98,28.799,12.83,456.26,456.26
3.604e-06,0.061989,40.548,40.621,17.722,745.79,745.79
5.3546e-06,0.092099,50.232,48.76,21.05,974.35,974.35
8.4956e-06,0.14613,64.09,60.109,25.65,1330.7,1330.7
1.3327e-05,0.22922,80.811,73.454,31.012,1803.4,1803.4
1.3737e-05,0.23628,82.065,74.442,31.407,1840.7,1840.7
1.3447e-05,0.23129,81.181,73.746,31.129,1814.4,1814.4
1.0646e-05,0.18312,72.037,66.492,28.221,1549.7,1549.7
8.5949e-06,0.14783,64.479,60.424,25.777,1341.2,1341.2
6.6332e-06,0.11409,56.287,53.756,23.081,1125.9,1125.9
4.6019e-06,0.079153,46.307,45.485,19.715,879.62,879.62
4.0845e-06,0.070254,43.412,43.049,18.718,811.56,811.56
3.7304e-06,0.064164,41.32,41.277,17.992,763.36,763.36
3.1402e-06,0.054012,37.592,38.092,16.682,679.55,679.55
2.5657e-06,0.04413,33.602,34.642,15.258,592.89,592.89
2.0857e-06,0.035874,29.906,31.401,13.914,515.5,515.5
1.8535e-06,0.031881,27.966,29.68,13.198,476.03,476.03
1.3947e-06,0.02399,23.742,25.878,11.608,392.86,392.86
1.1362e-06,0.019542,21.056,23.416,10.572,342.07,342.07
9.0984e-07,0.015649,18.453,20.989,9.5449,294.42,294.42
7.3843e-07,0.012701,16.269,18.917,8.6637,255.72,255.72
6.1615e-07,0.010598,14.563,17.272,7.96,226.3,226.3
5.3378e-07,0.0091811,13.324,16.06,7.4395,205.4,205.4
4.5244e-07,0.007782,12.013,14.759,6.8782,183.7,183.7
3.6965e-07,0.0063581,10.564,13.298,6.2443,160.27,160.27
3.2864e-07,0.0056526,9.7933,12.509,5.9003,148.04,148.04
2.7918e-07,0.0048019,8.8061,11.484,5.4515,132.6,132.6
2.5377e-07,0.0043648,8.2697,10.919,5.2034,124.32,124.32
2.2374e-07,0.0038484,7.6056,10.212,4.8917,114.19,114.19
1.9786e-07,0.0034032,7.0026,9.5622,4.6038,105.1,105.1
1.798e-07,0.0030926,6.5624,9.0818,4.3903,98.519,98.519
1.6724e-07,0.0028765,6.2454,8.7326,4.2346,93.816,93.816
1.5183e-07,0.0026115,5.8431,8.2853,4.0347,87.888,87.888
1.3354e-07,0.0022968,5.3438,7.7229,3.7823,80.591,80.591
1.2246e-07,0.0021063,5.0282,7.3629,3.6202,76.014,76.014
1.1077e-07,0.0019052,4.6829,6.9645,3.4401,71.034,71.034
1.0353e-07,0.0017808,4.4622,6.7073,3.3235,67.868,67.868
9.1136e-08,0.0015676,4.0698,6.2445,3.113,62.268,62.268
8.785e-08,0.001511,3.9626,6.1165,3.0546,60.743,60.743
8.0729e-08,0.0013886,3.7248,5.8309,2.924,57.373,57.373
7.314e-08,0.001258,3.4629,5.5123,2.7777,53.673,53.673
7.0629e-08,0.0012148,3.3741,5.4034,2.7276,52.422,52.422
6.6012e-08,0.0011354,3.2077,5.1979,2.6328,50.083,50.083
6.1633e-08,0.0010601,3.0462,4.9964,2.5397,47.815,47.815
5.8317e-08,0.0010031,2.9211,4.8391,2.4667,46.063,46.063
5.3194e-08,0.00091495,2.723,4.5872,2.3496,43.29,43.29
5.1433e-08,0.00088465,2.6534,4.4979,2.308,42.317,42.317
4.712e-08,0.00081047,2.4794,4.2728,2.2028,39.887,39.887
4.5281e-08,0.00077883,2.4037,4.1738,2.1564,38.829,38.829
4.1655e-08,0.00071648,2.2513,3.9729,2.062,36.702,36.702
3.9745e-08,0.00068362,2.1692,3.8637,2.0105,35.557,35.557
3.6159e-08,0.00062193,2.0117,3.6516,1.9103,33.357,33.357
3.7358e-08,0.00064256,2.0649,3.7235,1.9444,34.1,34.1
3.427e-08,0.00058945,1.9268,3.5359,1.8555,32.171,32.171
3.1985e-08,0.00055015,1.8221,3.3918,1.787,30.706,30.706
3.1602e-08,0.00054356,1.8043,3.3672,1.7752,30.457,30.457
2.9837e-08,0.0005132,1.7216,3.252,1.7202,29.298,29.298
2.8332e-08,0.00048732,1.6499,3.1512,1.672,28.292,28.292
2.7062e-08,0.00046547,1.5884,3.0641,1.6303,27.429,27.429
2.6483e-08,0.00045551,1.5601,3.0238,1.6109,27.031,27.031
2.4117e-08,0.00041482,1.4427,2.8548,1.5296,25.377,25.377
2.4269e-08,0.00041743,1.4503,2.8658,1.5349,25.484,25.484
2.2718e-08,0.00039076,1.3717,2.7512,1.4795,24.373,24.373
2.0394e-08,0.00035078,1.251,2.5725,1.3928,22.66,22.66
2.0264e-08,0.00034855,1.2442,2.5622,1.3878,22.563,22.563
1.8823e-08,0.00032376,1.1673,2.4464,1.3313,21.466,21.466
1.8403e-08,0.00031653,1.1446,2.4119,1.3145,21.141,21.141
1.6969e-08,0.00029187,1.0662,2.2914,1.2554,20.015,20.015
1.664e-08,0.00028621,1.048,2.2631,1.2415,19.752,19.752
1.6e-08,0.0002752,1.0122,2.2074,1.2141,19.235,19.235
1.4866e-08,0.00025569,0.94801,2.1061,1.1641,18.304,18.304
1.4278e-08,0.00024558,0.91425,2.0523,1.1375,17.812,17.812
1.385e-08,0.00023822,0.8895,2.0125,1.1177,17.45,17.45
1.3343e-08,0.00022951,0.85992,1.9647,1.094,18.146,18.146
1.2678e-08,0.00021807,0.82074,1.9007,1.0621,16.95,16.95
1.221e-08,0.00021001,0.79284,1.8548,1.0392,16.12,16.12
1.1879e-08,0.00020432,0.773,1.8218,1.0227,15.539,15.539
1.1797e-08,0.00020291,0.76808,1.8137,1.0186,15.397,15.397
1.1047e-08,0.00019002,0.72261,1.7374,0.98033,14.106,14.106
1.0413e-08,0.0001791,0.68361,1.671,0.94695,13.035,13.035
1.0377e-08,0.00017848,0.68137,1.6672,0.94501,12.975,12.975
1.009e-08,0.00017355,0.66359,1.6366,0.92959,12.499,12.499
9.7422e-09,0.00016757,0.64186,1.599,0.91058,11.928,11.928
9.2917e-09,0.00015982,0.6135,1.5495,0.88547,11.198,11.198
8.7157e-09,0.00014991,0.57685,1.4847,0.85251,10.281,10.281
8.9151e-09,0.00015334,0.58959,1.5073,0.86403,10.596,10.596
8.5848e-09,0.00014766,0.56846,1.4697,0.84487,10.076,10.076
8.3285e-09,0.00014325,0.55196,1.4401,0.82976,9.6765,9.6765
7.9263e-09,0.00013633,0.52589,1.3928,0.80559,9.0583,9.0583
7.8062e-09,0.00013427,0.51806,1.3785,0.79826,8.8756,8.8756
7.6288e-09,0.00013122,0.50646,1.3573,0.78734,8.6076,8.6076
7.0909e-09,0.00012196,0.47099,1.2915,0.75347,7.8076,7.8076
6.9551e-09,0.00011963,0.46177,1.2745,0.74473,7.6088,7.6088
6.9282e-09,0.00011917,0.45999,1.2711,0.74299,7.5696,7.5696
6.7427e-09,0.00011597,0.44767,1.2478,0.73089,7.3003,7.3003
6.212e-09,0.00010685,0.41243,1.1794,0.69541,6.5441,6.5441
6.4851e-09,0.00011155,0.43057,1.2149,0.71385,6.9308,6.9308
6.0914e-09,0.00010477,0.40443,1.1635,0.68716,6.3752,6.3752
5.7644e-09,9.9148e-05,0.38272,1.1198,0.66438,5.9227,5.9227
5.9258e-09,0.00010192,0.39343,1.1415,0.6757,6.1451,6.1451
5.5625e-09,9.5676e-05,0.36932,1.0924,0.65002,5.6477,5.6477
5.3243e-09,9.1578e-05,0.3535,1.0595,0.63276,5.3273,5.3273
5.3243e-09,9.1578e-05,0.3535,1.0595,0.63276,5.3273,5.3273
5.2188e-09,8.9764e-05,0.34649,1.0448,0.625,5.187,5.187
4.9836e-09,8.5718e-05,0.33088,1.0114,0.60744,4.8775,4.8775
4.778e-09,8.2183e-05,0.31723,0.9818,0.59179,4.611,4.611
4.6584e-09,8.0125e-05,0.30929,0.96433,0.58254,4.4576,4.4576
4.7179e-09,8.1148e-05,0.31323,0.97304,0.58715,4.5337,4.5337
4.5607e-09,7.8445e-05,0.3028,0.94994,0.5749,4.3334,4.3334
4.7379e-09,8.1492e-05,0.31457,0.97596,0.5887,4.5594,4.5594
4.5607e-09,7.8445e-05,0.3028,0.94994,0.5749,4.3334,4.3334
4.1521e-09,7.1417e-05,0.27567,0.88841,0.54213,3.8234,3.8234
4.1521e-09,7.1417e-05,0.27567,0.88841,0.54213,3.8234,3.8234
3.9774e-09,6.8412e-05,0.26408,0.8614,0.52768,3.6103,3.6103
3.8425e-09,6.6092e-05,0.25512,0.84023,0.51632,3.4479,3.4479
3.8592e-09,6.6378e-05,0.25622,0.84286,0.51773,3.4678,3.4678
3.6795e-09,6.3287e-05,0.24429,0.81427,0.50236,3.2541,3.2541
3.492e-09,6.0063e-05,0.23185,0.78389,0.48595,3.0348,3.0348
3.3424e-09,5.749e-05,0.22191,0.75921,0.47258,2.8626,2.8626
3.2697e-09,5.6239e-05,0.21708,0.74706,0.46598,2.7798,2.7798
3.2986e-09,5.6735e-05,0.219,0.7519,0.46861,2.8126,2.8126
3.2125e-09,5.5256e-05,0.21329,0.73745,0.46076,2.7152,2.7152
3.1563e-09,5.4289e-05,0.20956,0.72794,0.45557,2.6521,2.6521
3.0196e-09,5.1937e-05,0.20048,0.70452,0.44279,2.4999,2.4999
2.9657e-09,5.101e-05,0.1969,0.69519,0.43768,2.4405,2.4405
2.8978e-09,4.9842e-05,0.19239,0.68334,0.43119,2.3662,2.3662
2.9112e-09,5.0073e-05,0.19329,0.6857,0.43248,2.3809,2.3809
2.9929e-09,5.1478e-05,0.19871,0.69991,0.44027,2.4704,2.4704
2.6772e-09,4.6049e-05,0.17775,0.64417,0.40964,2.1291,2.1291
2.8051e-09,4.8248e-05,0.18624,0.66702,0.42223,2.2659,2.2659
2.8313e-09,4.8698e-05,0.18798,0.67165,0.42477,2.2941,2.2941
2.7151e-09,4.6699e-05,0.18026,0.65096,0.41339,2.1693,2.1693
2.779e-09,4.78e-05,0.18451,0.66239,0.41968,2.2378,2.2378
2.8313e-09,4.8698e-05,0.18798,0.67165,0.42477,2.2941,2.2941
2.6648e-09,4.5834e-05,0.17692,0.64191,0.4084,2.1159,2.1159
2.8445e-09,4.8926e-05,0.18886,0.67399,0.42606,2.3084,2.3084
2.6772e-09,4.6049e-05,0.17775,0.64417,0.40964,2.1291,2.1291
2.5308e-09,4.3529e-05,0.16803,0.6175,0.39489,1.9752,1.9752
2.6153e-09,4.4984e-05,0.17364,0.63296,0.40345,2.0637,2.0637
2.4602e-09,4.2315e-05,0.16334,0.60447,0.38766,1.902,1.902
2.4255e-09,4.1719e-05,0.16104,0.59802,0.38408,1.8664,1.8664
2.4485e-09,4.2115e-05,0.16257,0.6023,0.38646,1.89,1.89
2.3353e-09,4.0168e-05,0.15505,0.58108,0.37464,1.7744,1.7744
2.2374e-09,3.8484e-05,0.14855,0.56243,0.36422,1.6758,1.6758
2.2162e-09,3.8119e-05,0.14714,0.55835,0.36194,1.6547,1.6547
2.0526e-09,3.5305e-05,0.13628,0.52644,0.34401,1.4937,1.4937
1.9276e-09,3.3155e-05,0.12798,0.50148,0.3299,1.3736,1.3736
1.8632e-09,3.2047e-05,0.1237,0.48841,0.32248,1.3127,1.3127
1.909e-09,3.2835e-05,0.12674,0.49773,0.32777,1.356,1.356
1.909e-09,3.2835e-05,0.12674,0.49773,0.32777,1.356,1.356
1.8905e-09,3.2517e-05,0.12552,0.49398,0.32565,1.3385,1.3385
1.8017e-09,3.0989e-05,0.11962,0.47579,0.3153,1.2553,1.2553
1.776e-09,3.0548e-05,0.11792,0.47048,0.31228,1.2315,1.2315
1.8276e-09,3.1435e-05,0.12134,0.48113,0.31834,1.2794,1.2794
1.7675e-09,3.0402e-05,0.11735,0.46872,0.31127,1.2236,1.2236
1.7846e-09,3.0694e-05,0.11848,0.47225,0.31328,1.2394,1.2394
1.734e-09,2.9825e-05,0.11513,0.46173,0.30728,1.1928,1.1928
1.6848e-09,2.8978e-05,0.11186,0.4514,0.30136,1.1478,1.1478
1.6133e-09,2.7748e-05,0.10711,0.4362,0.29263,1.0833,1.0833
1.6133e-09,2.7748e-05,0.10711,0.4362,0.29263,1.0833,1.0833
1.6133e-09,2.7748e-05,0.10711,0.4362,0.29263,1.0833,1.0833
1.5147e-09,2.6053e-05,0.10057,0.4149,0.28035,0.9959,0.9959
1.5595e-09,2.6824e-05,0.10354,0.42464,0.28597,1.0354,1.0354
1.552e-09,2.6694e-05,0.10304,0.42301,0.28503,1.0287,1.0287
1.4426e-09,2.4813e-05,0.095778,0.39904,0.27115,0.93316,0.93316
1.4146e-09,2.4332e-05,0.093922,0.39282,0.26753,0.9091,0.9091
1.327e-09,2.2824e-05,0.088104,0.37308,0.256,0.83477,0.83477
1.2818e-09,2.2048e-05,0.085105,0.36275,0.24994,0.79708,0.79708
1.3075e-09,2.2489e-05,0.086808,0.36863,0.2534,0.81843,0.81843
1.2197e-09,2.0979e-05,0.080982,0.34837,0.24147,0.74598,0.74598
1.1722e-09,2.0161e-05,0.077824,0.3372,0.23487,0.70743,0.70743
1.2016e-09,2.0668e-05,0.079781,0.34413,0.23897,0.73126,0.73126
1.1897e-09,2.0462e-05,0.078986,0.34132,0.23731,0.72156,0.72156
1.1158e-09,1.9192e-05,0.074082,0.32378,0.2269,0.66242,0.66242
1.1213e-09,1.9287e-05,0.074449,0.32511,0.22769,0.6668,0.6668
1.1493e-09,1.9768e-05,0.076306,0.33178,0.23165,0.68909,0.68909
1.1493e-09,1.9768e-05,0.076306,0.33178,0.23165,0.68909,0.68909
1.1269e-09,1.9382e-05,0.074817,0.32643,0.22848,0.67121,0.67121
1.1103e-09,1.9097e-05,0.073716,0.32246,0.22611,0.65807,0.65807
1.1269e-09,1.9382e-05,0.074817,0.32643,0.22848,0.67121,0.67121
1.1103e-09,1.9097e-05,0.073716,0.32246,0.22611,0.65807,0.65807
1.1048e-09,1.9003e-05,0.073352,0.32115,0.22533,0.65373,0.65373
1.0672e-09,1.8355e-05,0.070852,0.31205,0.2199,0.62418,0.62418
1.0566e-09,1.8174e-05,0.070152,0.30948,0.21836,0.61597,0.61597
1.0514e-09,1.8084e-05,0.069804,0.3082,0.2176,0.61189,0.61189
1.0409e-09,1.7904e-05,0.069111,0.30566,0.21607,0.60381,0.60381
9.9023e-10,1.7032e-05,0.065745,0.29316,0.20856,0.56489,0.56489
9.609e-10,1.6528e-05,0.063797,0.28585,0.20415,0.54268,0.54268
9.7546e-10,1.6778e-05,0.064764,0.28949,0.20635,0.55368,0.55368
9.8038e-10,1.6863e-05,0.065091,0.29072,0.20709,0.55741,0.55741
9.3701e-10,1.6117e-05,0.062211,0.27985,0.20052,0.52476,0.52476
9.4174e-10,1.6198e-05,0.062526,0.28105,0.20125,0.5283,0.5283
9.091e-10,1.5637e-05,0.060358,0.27279,0.19624,0.50401,0.50401
9.4174e-10,1.6198e-05,0.062526,0.28105,0.20125,0.5283,0.5283
8.8637e-10,1.5246e-05,0.058849,0.26699,0.19271,0.48727,0.48727
8.7741e-10,1.5092e-05,0.058254,0.26469,0.19131,0.48071,0.48071
8.8188e-10,1.5168e-05,0.058551,0.26584,0.19201,0.48398,0.48398
9.0448e-10,1.5557e-05,0.060052,0.27161,0.19552,0.5006,0.5006
8.5542e-10,1.4713e-05,0.056795,0.25903,0.18785,0.46471,0.46471
8.5977e-10,1.4788e-05,0.057083,0.26015,0.18854,0.46786,0.46786
8.3388e-10,1.4343e-05,0.055364,0.25344,0.18443,0.44916,0.44916
8.1705e-10,1.4053e-05,0.054247,0.24905,0.18173,0.43711,0.43711
8.1286e-10,1.3981e-05,0.053968,0.24795,0.18106,0.43412,0.43412
7.923e-10,1.3628e-05,0.052603,0.24254,0.17773,0.41954,0.41954
7.3718e-10,1.268e-05,0.048944,0.22786,0.16864,0.38106,0.38106
7.762e-10,1.3351e-05,0.051534,0.23828,0.1751,0.4082,0.4082
7.842e-10,1.3488e-05,0.052066,0.2404,0.17641,0.41382,0.41382
7.722e-10,1.3282e-05,0.051269,0.23722,0.17444,0.4054,0.4054
7.6428e-10,1.3146e-05,0.050743,0.23511,0.17314,0.39986,0.39986
7.2957e-10,1.2549e-05,0.048439,0.22581,0.16737,0.37582,0.37582
7.5647e-10,1.3011e-05,0.050225,0.23303,0.17185,0.39442,0.39442
7.2582e-10,1.2484e-05,0.04819,0.2248,0.16674,0.37325,0.37325
7.2205e-10,1.2419e-05,0.047939,0.22378,0.1661,0.37066,0.37066
7.1093e-10,1.2228e-05,0.047201,0.22076,0.16423,0.36307,0.36307
6.9616e-10,1.1974e-05,0.04622,0.21674,0.16171,0.35304,0.35304
6.8153e-10,1.1722e-05,0.045249,0.21274,0.15921,0.34318,0.34318
6.531e-10,1.1233e-05,0.043361,0.20489,0.15428,0.32421,0.32421
6.6009e-10,1.1354e-05,0.043826,0.20683,0.1555,0.32885,0.32885
6.3927e-10,1.0996e-05,0.042444,0.20105,0.15186,0.31509,0.31509
6.3248e-10,1.0879e-05,0.041992,0.19915,0.15066,0.31063,0.31063
6.3587e-10,1.0937e-05,0.042218,0.2001,0.15126,0.31285,0.31285
6.3927e-10,1.0996e-05,0.042444,0.20105,0.15186,0.31509,0.31509
6.291e-10,1.0821e-05,0.041768,0.19821,0.15006,0.30842,0.30842
6.0587e-10,1.0421e-05,0.040226,0.19167,0.14592,0.29332,0.29332
6.1574e-10,1.0591e-05,0.040881,0.19446,0.14769,0.29971,0.29971
6.291e-10,1.0821e-05,0.041768,0.19821,0.15006,0.30842,0.30842
6.0913e-10,1.0477e-05,0.040442,0.19259,0.1465,0.29543,0.29543
5.8657e-10,1.0089e-05,0.038945,0.1862,0.14244,0.28092,0.28092
6.0587e-10,1.0421e-05,0.040226,0.19167,0.14592,0.29332,0.29332
5.9615e-10,1.0254e-05,0.03958,0.18892,0.14417,0.28706,0.28706
5.8657e-10,1.0089e-05,0.038945,0.1862,0.14244,0.28092,0.28092
5.7092e-10,9.8199e-06,0.037905,0.18173,0.13958,0.27097,0.27097
5.8975e-10,1.0144e-05,0.039156,0.1871,0.14301,0.28296,0.28296
5.7714e-10,9.9268e-06,0.038318,0.18351,0.14072,0.27491,0.27491
5.5265e-10,9.5056e-06,0.036692,0.17647,0.13621,0.25946,0.25946
5.6478e-10,9.7143e-06,0.037498,0.17997,0.13845,0.26709,0.26709
5.3486e-10,9.1997e-06,0.035512,0.17131,0.1329,0.24838,0.24838
5.2332e-10,9.0012e-06,0.034745,0.16795,0.13072,0.24126,0.24126
5.1762e-10,8.9031e-06,0.034366,0.16628,0.12964,0.23776,0.23776
5.2332e-10,9.0012e-06,0.034745,0.16795,0.13072,0.24126,0.24126
5.0361e-10,8.6621e-06,0.033436,0.16216,0.12697,0.22921,0.22921
5.1196e-10,8.8057e-06,0.033991,0.16461,0.12857,0.23429,0.23429
5.1762e-10,8.9031e-06,0.034366,0.16628,0.12964,0.23776,0.23776
4.9536e-10,8.5203e-06,0.032889,0.15972,0.12539,0.22422,0.22422
