reach_id,FromN,ToN,Slope,Wac,Q,n,D16,D50,D84,Length,x_FN,y_FN,x_TN,y_TN,el_FN,el_TN,deposit
1,1,2,0.014271,32.51447031,112.4069746,0.1,0.00141,0.002,0.004,1802.37590053236,729475,5968735,729515,5967495,645.75133535207,620.029628875572,0
2,2,3,0.014271,32.51447031,112.4069746,0.1,0.00141,0.002,0.004,1810.95454429506,729515,5967485,730365,5966685,620.029628875572,594.185496573938,0
3,3,4,0.014271,32.51447031,112.4069746,0.1,0.00141,0.002,0.004,1807.81745930519,730375,5966675,730505,5965825,594.185496573938,568.386133612193,0
4,4,5,0.014271,32.51447031,112.4069746,0.1,0.00141,0.002,0.004,1805.09667991878,730475,5965835,730255,5964685,568.386133612193,542.625598893072,0
5,5,6,0.014271,32.51447031,112.4069746,0.1,0.00141,0.002,0.004,1814.09162928491,730245,5964685,730775,5964235,542.625598893072,516.736697251548,0
6,6,7,0.014271,32.51447031,112.4069746,0.1,0.00141,0.002,0.004,1823.67532368146,730775,5964225,731125,5963045,516.736697251548,490.711026707289,0
7,7,8,0.014271,32.51447031,112.4069746,0.1,0.00141,0.002,0.004,1799.23881554252,731105,5963025,730905,5961885,490.711026707289,465.034089570682,0
8,8,9,0.014271,32.51447031,112.4069746,0.1,0.00141,0.002,0.004,1805.80735803744,730895,5961875,731275,5960965,465.034089570682,439.26341276413,0
9,9,10,0.014271,32.51447031,112.4069746,0.1,0.00141,0.002,0.004,1812.37590053234,731285,5960955,732055,5961245,439.26341276413,413.398996287633,0
10,10,11,0.014271,32.51447031,112.4069746,0.1,0.00141,0.002,0.004,1807.10678118655,732075,5961215,732965,5961385,413.398996287633,387.60977541332,0
11,11,12,0.014271,32.51447031,112.4069746,0.1,0.00141,0.002,0.004,1806.5180361561,732975,5961375,733745,5962095,387.60977541332,361.828956519336,0
12,12,13,0.014271,32.51447031,112.4069746,0.1,0.00141,0.002,0.004,1811.66522241369,733755,5962085,734855,5961845,361.828956519336,335.97468213027,0
13,13,14,0.014271,32.51447031,112.4069746,0.1,0.00141,0.002,0.004,1806.81240867132,734855,5961875,735355,5962205,335.97468213027,310.189662246122,0
14,14,15,0.014271,32.51447031,112.4069746,0.1,0.00141,0.002,0.004,1824.80230740356,735345,5962205,735815,5962015,310.189662246122,284.147908517165,0
15,15,16,0.014271,32.51447031,112.4069746,0.1,0.00141,0.002,0.004,1816.81240867131,735805,5962005,735915,5960685,284.147908517165,258.220178633017,0
16,16,17,0.003,46.80249155,184.2903984,0.1,0.00141,0.002,0.004,1773.38095116625,735925,5960665,737035,5960005,258.220178633017,252.900035779518,0
17,17,18,0.003,46.80249155,184.2903984,0.1,0.00141,0.002,0.004,1785.80735803744,737035,5959995,737985,5960405,252.900035779518,247.542613705406,0
18,18,19,0.003,46.80249155,184.2903984,0.1,0.00141,0.002,0.004,1784.38600180011,737975,5960415,738235,5960695,247.542613705406,242.189455700006,0
19,19,20,0.003,46.80249155,184.2903984,0.1,0.00141,0.002,0.004,1782.37590053236,738255,5960675,739135,5960865,242.189455700006,236.842327998409,0
20,20,21,0.003,46.80249155,184.2903984,0.1,0.00141,0.002,0.004,1778.52813742386,739145,5960865,740395,5960835,236.842327998409,231.506743586137,0
21,21,22,0.003,46.80249155,184.2903984,0.1,0.00141,0.002,0.004,1779.94949366115,740395,5960845,741565,5961095,231.506743586137,226.166895105154,0
22,22,23,0.003,46.80249155,184.2903984,0.1,0.00141,0.002,0.004,1775.80735803744,741585,5961115,741895,5960795,226.166895105154,220.839473031041,0
23,23,24,0.003,46.80249155,184.2903984,0.1,0.00141,0.002,0.004,1774.09162928491,741895,5960805,742875,5960775,220.839473031041,215.517198143187,0
24,24,25,0.003,46.80249155,184.2903984,0.1,0.00141,0.002,0.004,1790.95454429503,742885,5960775,743785,5959805,215.517198143187,210.144334510302,0
25,25,26,0.003,46.80249155,184.2903984,0.1,0.00141,0.002,0.004,1765.09667991878,743765,5959785,744545,5958575,210.144334510302,204.849044470545,0
26,26,27,0.003,46.80249155,184.2903984,0.1,0.00141,0.002,0.004,1775.09667991879,744545,5958565,745925,5958325,204.849044470545,199.523754430789,0
27,27,28,0.003,46.80249155,184.2903984,0.1,0.00141,0.002,0.004,1789.2388155425,745935,5958325,747195,5958085,199.523754430789,194.156037984161,0
28,28,29,0.003,46.80249155,184.2903984,0.1,0.00141,0.002,0.004,1770.2438661764,747215,5958075,748625,5957905,194.156037984161,188.845306385632,0
29,29,30,0.003,46.80249155,184.2903984,0.1,0.00141,0.002,0.004,1783.79725676968,748635,5957905,749895,5957415,188.845306385632,183.493914615323,0
30,30,31,0.003,46.80249155,184.2903984,0.1,0.00141,0.002,0.004,1792.67027304758,749895,5957405,750125,5955875,183.493914615323,178.11590379618,0
31,31,32,0.003,46.80249155,184.2903984,0.1,0.00141,0.002,0.004,1779.65512114594,750125,5955855,751295,5954865,178.11590379618,172.776938432743,0
32,32,33,0.003,46.80249155,184.2903984,0.1,0.00141,0.002,0.004,1770.66017177983,751305,5954855,752345,5953825,172.776938432743,167.464957917403,0
33,33,34,0.003,46.80249155,184.2903984,0.1,0.00141,0.002,0.004,1789.65512114592,752355,5953815,753015,5952535,167.464957917403,162.095992553965,0
34,34,35,0.003,46.80249155,207.2992583,0.1,0.00141,0.002,0.004,1809.94949366117,753015,5952505,752825,5951135,162.095992553965,156.666144072982,0
35,35,36,0.003,46.80249155,207.2992583,0.1,0.00141,0.002,0.004,1824.09162928491,752815,5951135,753305,5950385,156.666144072982,151.193869185127,0
36,36,37,0.002,42.5,288.5443416,0.1,0.000233390034928619,0.000455452025285418,0.00102813731605753,1980.95454429505,753295,5950375,752745,5948685,151.193869185127,147.231960096537,0
37,37,38,0.002,42.5,288.5443416,0.1,0.000233390034928619,0.000455452025285418,0.00102813731605753,1988.94444302729,752745,5948675,753545,5947085,147.231960096537,143.254071210482,0
38,38,39,0.002,42.5,288.5443416,0.1,0.000233390034928619,0.000455452025285418,0.00102813731605753,1999.65512114591,753555,5947075,754285,5945425,143.254071210482,139.254760968191,0
39,39,40,0.006095598,42.5,302.7672464,0.1,0.000233390034928619,0.000455452025285418,0.00102813731605753,1669.94949366117,754285,5945415,755015,5944145,139.254760968191,129.075420174529,0
40,40,41,0.006095598,42.5,302.7672464,0.1,0.000233390034928619,0.000455452025285418,0.00102813731605753,1666.10173055267,755015,5944135,756145,5943335,129.075420174529,118.919533797975,0
41,41,42,0.006095598,42.5,302.7672464,0.1,0.000233390034928619,0.000455452025285418,0.00102813731605753,1682.96464556281,756155,5943335,757625,5943635,118.919533797975,108.660857870412,0
42,42,43,0.006095598,42.5,302.7672464,0.1,0.000233390034928619,0.000455452025285418,0.00102813731605753,1666.3961030679,757645,5943635,758305,5944535,108.660857870412,98.5031771173433,0
43,43,44,0.006095598,42.5,302.7672464,0.1,0.000233390034928619,0.000455452025285418,0.00102813731605753,1669.23881554252,758315,5944535,759265,5943515,98.5031771173433,88.3281683317999,0
44,44,45,0.006095598,42.5,302.7672464,0.1,0.000233390034928619,0.000455452025285418,0.00102813731605753,1669.94949366116,759275,5943505,759055,5942355,88.3281683317999,78.148827538138,0
45,45,46,0.006095598,42.5,302.7672464,0.1,0.000233390034928619,0.000455452025285418,0.00102813731605753,1662.67027304759,759055,5942325,758035,5941515,78.148827538138,68.0138579470896,0
46,46,47,0.006095598,42.5,302.7672464,0.1,0.000233390034928619,0.000455452025285418,0.00102813731605753,1674.38600180013,758025,5941505,757625,5940185,68.0138579470896,57.8074739832887,0
47,47,48,0.006095598,42.5,302.7672464,0.1,0.000233390034928619,0.000455452025285418,0.00102813731605753,1680.83261120685,757625,5940175,756875,5939505,57.8074739832887,47.5617940800815,0
48,48,49,0.006095598,42.5,302.7672464,0.1,0.000233390034928619,0.000455452025285418,0.00102813731605753,1669.23881554252,756855,5939505,755455,5940145,47.5617940800815,37.3867852945382,0
49,49,50,0.006095598,42.5,302.7672464,0.1,0.000233390034928619,0.000455452025285418,0.00102813731605753,1672.37590053237,755445,5940145,754075,5939495,37.3867852945382,27.1926541000049,0
50,50,51,0.006095598,42.5,302.7672464,0.1,0.000233390034928619,0.000455452025285418,0.00102813731605753,1682.67027304758,754065,5939485,754155,5938365,27.1926541000049,16.9357725489566,0
51,51,52,0.0008,42.5,581.184711,0.1,0.0005,0.00118,0.00141,1649.53318805774,754165,5938345,755405,5937875,16.9357725489566,15.6161459985104,0
52,52,53,0.0008,42.5,581.184711,0.1,0.0005,0.00118,0.00141,1658.52813742386,755415,5937865,755925,5936475,15.6161459985104,14.2893234885713,0
53,53,54,0.0008,42.5,581.184711,0.1,0.0005,0.00118,0.00141,1668.94444302727,755935,5936465,756665,5935175,14.2893234885713,12.9541679341495,0
54,54,55,0.0008,42.5,581.184711,0.1,0.0005,0.00118,0.00141,1657.52308678998,756665,5935155,757145,5933925,12.9541679341495,11.6281494647175,0
55,55,56,0.0008,42.5,581.184711,0.1,0.0005,0.00118,0.00141,1655.51298552222,757155,5933925,758405,5933625,11.6281494647175,10.3037390762998,0
56,56,57,0.0008,42.5,581.184711,0.1,0.0005,0.00118,0.00141,1657.10678118654,758415,5933635,759365,5932825,10.3037390762998,8.97805365135054,0
57,57,58,0.0008,67.89721665,607.3738595,0.1,0.00071,0.00141,0.004,1599.82756057297,759385,5932805,760755,5932665,8.97805365135054,7.69819160289217,0
58,58,59,0.0008,67.89721665,607.3738595,0.1,0.00071,0.00141,0.004,1619.53318805775,760765,5932655,762165,5932305,7.69819160289217,6.40256505244597,0
59,59,60,0.0008,68.08531551,607.37,0.1,0.00071,0.00141,0.004,1944.68037431536,762175,5932295,763915,5932345,6.40256505244597,4.84682075299368,0
60,60,61,0.0008,68.08531551,607.37,0.1,0.00071,0.00141,0.004,1964.38600180013,763925,5932335,763935,5933285,4.84682075299368,3.27531195155358,0
61,61,62,0.0008,68.08531551,607.37,0.1,0.00071,0.00141,0.004,1940.66017177982,763915,5933285,764695,5934125,3.27531195155358,1.72278381412972,0
62,62,62,0.0008,68.08531551,607.37,0.1,0.00071,0.00141,0.004,1965.97979746447,764705,5934135,766465,5934305,1.72278381412972,0.149999976158142,0
63,63,64,0.178908,18.53519646,21.11697696,0.1,0.001,0.00475,0.025,323.847763108439,718995,5947095,719135,5946835,753.555907649982,695.616952047778,0
64,64,65,0.140951,18.94396339,12.00903724,0.1,0.001,0.00475,0.025,1513.96969619649,719135,5946835,720465,5946645,695.616952047778,482.221409399186,0
65,65,66,0.080919,19.80814899,12.91763722,0.1,0.001,0.00475,0.025,1647.81745930493,720465,5946645,721725,5946815,482.221409399186,348.88166840969,0
66,66,67,0.006,27.5384,31.19679663,0.1,0.0005,0.00236,0.00475,1884.80230740356,721725,5946815,722925,5946055,348.88166840969,337.572854565268,0
67,67,68,0.006,27.5384,31.19679663,0.1,0.0005,0.00236,0.00475,1901.66522241371,722935,5946055,723875,5945185,337.572854565268,326.162863230786,0
68,68,69,0.006,35.26873579,67.34227362,0.1,0.0005,0.00236,0.00475,1743.38095116625,723875,5945175,725135,5944645,326.162863230786,315.702577523789,0
69,69,70,0.006,35.26873579,67.34227362,0.1,0.0005,0.00236,0.00475,1748.23376490864,725145,5944635,726215,5945185,315.702577523789,305.213174934337,0
70,70,71,0.006,35.26873579,67.34227362,0.1,0.0005,0.00236,0.00475,1746.10173055266,726225,5945175,727685,5945145,305.213174934337,294.736564551021,0
71,71,72,0.006,35.26873579,67.34227362,0.1,0.0005,0.00236,0.00475,1742.37590053236,727705,5945135,729105,5944375,294.736564551021,284.282309147827,0
72,72,73,0.006,35.26873579,67.34227362,0.1,0.0005,0.00236,0.00475,1744.80230740356,729115,5944375,730125,5944005,284.282309147827,273.813495303405,0
73,73,74,0.006,35.26873579,67.34227362,0.1,0.0005,0.00236,0.00475,1757.52308678996,730125,5943995,730765,5942885,273.813495303405,263.268356782666,0
74,74,75,0.006,38.35663259,90.76700031,0.1,0.0005,0.00236,0.00475,2213.79725676967,730775,5942855,731855,5941875,263.268356782666,249.985573242048,0
75,75,76,0.006,38.35663259,90.76700031,0.1,0.0005,0.00236,0.00475,2236.22366364086,731865,5941885,732925,5941035,249.985573242048,236.568231260202,0
76,76,77,0.006,41.8139899,123.3767922,0.1,0.0005,0.00236,0.00475,1906.51803615609,732935,5941045,734005,5940005,236.568231260202,225.129123043266,0
77,77,78,0.006,41.8139899,123.3767922,0.1,0.0005,0.00236,0.00475,1924.09162928491,734015,5939995,734855,5940825,225.129123043266,213.584573267556,0
78,78,79,0.006,41.8139899,123.3767922,0.1,0.0005,0.00236,0.00475,1917.22871427472,734865,5940825,736315,5940465,213.584573267556,202.081200981908,0
79,79,80,0.006,41.8139899,123.3767922,0.1,0.0005,0.00236,0.00475,1910.66017177983,736335,5940455,736545,5939095,202.081200981908,190.617239951229,0
80,80,81,0.006,41.8139899,123.3767922,0.1,0.0005,0.00236,0.00475,1922.37590053237,736535,5939085,738075,5938585,190.617239951229,179.082984548035,0
81,81,82,0.006,41.8139899,123.3767922,0.1,0.0005,0.00236,0.00475,1922.08152801711,738085,5938575,738965,5937875,179.082984548035,167.550495379932,0
82,82,83,0.006,41.8139899,123.3767922,0.1,0.0005,0.00236,0.00475,1918.94444302729,738965,5937855,740235,5937495,167.550495379932,156.036828721769,0
83,83,84,0.006,41.8139899,123.3767922,0.1,0.0005,0.00236,0.00475,1915.80735803744,740245,5937505,740525,5936645,156.036828721769,144.541984573544,0
84,84,85,0.006,41.8139899,123.3767922,0.1,0.0005,0.00236,0.00475,1932.0815280171,740515,5936635,740855,5935255,144.541984573544,132.949495405441,0
85,85,86,0.006,45.54808468,167.2460773,0.1,0.0005,0.00118,0.00283,1808.94444302729,740875,5935235,741775,5934225,132.949495405441,122.095828747278,250
86,86,87,0.006,45.54808468,167.2460773,0.1,0.0005,0.00118,0.00283,1804.80230740356,741785,5934235,743035,5933695,122.095828747278,111.267014902856,250
87,87,88,0.006,45.54808468,167.2460773,0.1,0.0005,0.00118,0.00283,1819.65512114592,743045,5933685,744385,5932875,111.267014902856,100.349084175981,250
88,88,89,0.006,53.50733533,296.5623985,0.1,0.0005,0.00118,0.00283,1704.38600180013,744395,5932865,745245,5931855,100.349084175981,90.1227681651799,250
89,89,90,0.006,53.50733533,296.5623985,0.1,0.0005,0.00118,0.00283,1709.23881554252,745255,5931845,746005,5931315,90.1227681651799,79.8673352719248,250
90,90,91,0.006,53.50733533,296.5623985,0.1,0.0005,0.00118,0.00283,1709.94949366116,746015,5931305,747175,5930735,79.8673352719248,69.6076383099578,250
91,91,92,0.006,53.50733533,296.5623985,0.1,0.0005,0.00118,0.00283,1699.65512114594,747185,5930755,748395,5931365,69.6076383099578,59.4097075830822,250
92,92,93,0.006,53.50733533,296.5623985,0.1,0.0005,0.00118,0.00283,1718.23376490864,748405,5931355,749465,5931545,59.4097075830822,49.1003049936304,250
93,93,94,0.006,53.50733533,296.5623985,0.1,0.0005,0.00118,0.00283,1703.38095116623,749465,5931555,750885,5931185,49.1003049936304,38.880019286633,250
94,94,95,0.002,42.5,321.6114958,0.1,0.000233390034928619,0.000455452025285418,0.00102813731605753,1816.51803615609,750915,5931205,751445,5932585,38.880019286633,35.2469832143208,150
95,95,96,0.002,42.5,321.6114958,0.1,0.000233390034928619,0.000455452025285418,0.00102813731605753,1825.51298552222,751435,5932595,751385,5933735,35.2469832143208,31.5959572432764,150
96,96,97,0.002,42.5,321.6114958,0.1,0.000233390034928619,0.000455452025285418,0.00102813731605753,1834.09162928488,751385,5933745,751645,5935055,31.5959572432764,27.9277739847066,150
97,97,98,0.002,42.5,321.6114958,0.1,0.000233390034928619,0.000455452025285418,0.00102813731605753,1825.80735803744,751625,5935075,752265,5936475,27.9277739847066,24.2761592686317,150
98,98,99,0.002,42.5,321.6114958,0.1,0.000233390034928619,0.000455452025285418,0.00102813731605753,1835.09667991879,752275,5936485,752615,5937945,24.2761592686317,20.6059659087942,150
99,99,51,0.002,42.5,321.6114958,0.1,0.000233390034928619,0.000455452025285418,0.00102813731605753,1835.09667991877,752625,5937935,754155,5938325,20.6059659087942,16.9357725489566,150
100,100,101,0.045504,21.87461832,38.06320919,0.1,0.001,0.00475,0.025,2302.08152801672,718815,5951405,719835,5949865,1020.86040048214,916.106482631272,0
101,101,102,0.139742,24.28212321,29.03796213,0.1,0.001,0.00475,0.025,1832.37590053236,719835,5949865,720735,5948825,916.106482631272,660.046609539079,0
102,102,103,0.139742,24.28212321,29.03796213,0.1,0.001,0.00475,0.025,1845.09667991879,720735,5948815,721175,5947425,660.046609539079,402.209109293867,0
103,103,66,0.05776,24.60186945,27.92193193,0.1,0.001,0.00475,0.025,923.259018077864,721185,5947415,721725,5946815,402.209109293867,348.88166840969,0
104,104,105,0.079,27.83335753,64.66621869,0.1,0.00141,0.002,0.004,1705.80735803744,725965,5957115,727245,5957395,2293.9846859083,2159.22590462334,0
105,105,106,0.079,27.83335753,64.66621869,0.1,0.00141,0.002,0.004,1716.5180361561,727255,5957395,728275,5956555,2159.22590462334,2023.62097976701,0
106,106,107,0.079,27.83335753,64.66621869,0.1,0.00141,0.002,0.004,1717.81745930519,728285,5956545,729085,5955515,2023.62097976701,1887.9134004819,0
107,107,108,0.079,27.83335753,64.66621869,0.1,0.00141,0.002,0.004,1712.67027304759,729075,5955485,729915,5954695,1887.9134004819,1752.61244891114,0
108,108,109,0.079,27.83335753,64.66621869,0.1,0.00141,0.002,0.004,1716.81240867133,729925,5954685,730695,5954125,1752.61244891114,1616.98426862611,0
109,109,110,0.079,27.83335753,64.66621869,0.1,0.00141,0.002,0.004,1724.09162928488,730705,5954125,731865,5954195,1616.98426862611,1480.7810299126,0
110,110,111,0.079,27.83335753,64.66621869,0.1,0.00141,0.002,0.004,1709.23881554251,731895,5954185,731805,5955105,1480.7810299126,1345.75116348474,0
111,111,112,0.079,27.83335753,64.66621869,0.1,0.00141,0.002,0.004,1729.23881554252,731795,5955115,731865,5956295,1345.75116348474,1209.14129705688,0
112,112,113,0.079,27.83335753,64.66621869,0.1,0.00141,0.002,0.004,1716.10173055266,731875,5956295,731875,5957585,1209.14129705688,1073.56926034322,0
113,113,114,0.079,27.83335753,64.66621869,0.1,0.00141,0.002,0.004,1708.23376490863,731885,5957615,731825,5958605,1073.56926034322,938.61879291544,0
114,114,115,0.079,27.83335753,64.66621869,0.1,0.00141,0.002,0.004,1720.2438661764,731835,5958615,732385,5959355,938.61879291544,802.719527487504,0
115,115,116,0.079,27.83335753,64.66621869,0.1,0.00141,0.002,0.004,1721.95959492892,732395,5959355,733415,5959715,802.719527487504,666.68471948812,0
116,116,117,0.079,27.83335753,64.66621869,0.1,0.00141,0.002,0.004,1716.10173055267,733445,5959725,734375,5960265,666.68471948812,531.112682774459,0
117,117,118,0.079,27.83335753,64.66621869,0.1,0.00141,0.002,0.004,1725.09667991879,734385,5960265,734935,5960675,531.112682774459,394.830045060875,0
118,118,16,0.079,27.83335753,64.66621869,0.1,0.00141,0.002,0.004,1729.2388155425,734935,5960665,735905,5960665,394.830045060875,258.220178633017,0
119,119,120,0.042946,17.323804,16.60125655,0.1,0.001,0.00475,0.025,1902.67027304729,718685,5942515,719715,5942945,907.85561144216,826.143533895871,0
120,120,121,0.152781,18.3344973,10.69261217,0.1,0.001,0.00475,0.025,2643.50288425398,719715,5942945,721175,5944545,826.143533895871,422.266519736665,0
121,121,122,0.029,43.8,28.18087677,0.1,0.001,0.00475,0.025,1647.8174593052,721175,5944545,722505,5944975,422.266519736665,374.479813416814,0
122,122,68,0.029,43.8,28.18087677,0.1,0.001,0.00475,0.025,1666.10173055267,722515,5944975,723865,5945185,374.479813416814,326.162863230786,0
123,123,124,0.022,14.13012464,5.570966388,0.1,0.00071,0.00141,0.002,2409.65512114594,719995,5938735,721335,5937975,1157.21230925349,1104.19989658828,0
124,124,125,0.022,14.13012464,5.570966388,0.1,0.00071,0.00141,0.002,2416.22366364086,721345,5937965,721575,5936345,1104.19989658828,1051.04297598818,0
125,125,126,0.022,14.13012464,5.570966388,0.1,0.00071,0.00141,0.002,2408.35569799683,721595,5936325,722865,5934965,1051.04297598818,998.059150632249,0
126,126,127,0.022,14.13012464,5.570966388,0.1,0.00071,0.00141,0.002,2411.7871555019,722875,5934965,723945,5933725,998.059150632249,944.999833211207,0
127,127,128,0.022,14.13012464,5.570966388,0.1,0.00071,0.00141,0.002,2406.93434175952,723975,5933715,723885,5932445,944.999833211207,892.047277692498,0
128,128,129,0.022,14.13012464,5.570966388,0.1,0.00071,0.00141,0.002,2405.21861300697,723875,5932435,723785,5930695,892.047277692498,839.132468206344,0
129,129,130,0.022,14.13012464,5.570966388,0.1,0.00071,0.00141,0.002,2404.50793488833,723775,5930665,723395,5929555,839.132468206344,786.233293638801,0
130,130,131,0.022,14.13012464,5.570966388,0.1,0.00071,0.00141,0.002,2424.21356237309,723395,5929545,724625,5928975,786.233293638801,732.900595266593,0
131,131,132,0.037,31.19363644,64.23204885,0.1,0.00071,0.00141,0.002,1950.3657992646,724645,5928955,725105,5928525,732.900595266593,660.737060693803,0
132,132,133,0.037,31.19363644,64.23204885,0.1,0.00071,0.00141,0.002,1971.37084989849,725115,5928535,725715,5928075,660.737060693803,587.796339247559,0
133,133,134,0.008,49.1,104.4709912,0.1,0.00071,0.00141,0.002,2237.9393923934,725725,5928065,726225,5927545,587.796339247559,569.892824108412,0
134,134,135,0.008,49.1,104.4709912,0.1,0.00071,0.00141,0.002,2245.51298552221,726225,5927535,727005,5926505,569.892824108412,551.928720224234,0
135,135,136,0.008,49.1,104.4709912,0.1,0.00071,0.00141,0.002,2233.50288425445,727025,5926485,727585,5925565,551.928720224234,534.060697150199,0
136,136,137,0.008,49.1,104.4709912,0.1,0.00071,0.00141,0.002,2241.07647738325,727595,5925575,728585,5925275,534.060697150199,516.132085331133,0
137,137,138,0.008,49.1,104.4709912,0.1,0.00071,0.00141,0.002,2239.65512114594,728605,5925265,729765,5924955,516.132085331133,498.214844361965,0
138,138,139,0.008,49.1,104.4709912,0.1,0.00071,0.00141,0.002,2256.93434175952,729775,5924965,731375,5924925,498.214844361965,480.159369627889,0
139,139,140,0.012,35.1,129.2262534,0.1,0.00071,0.002,0.004,2232.79220613579,731395,5924925,732725,5926115,480.159369627889,453.36586315426,0
140,140,141,0.012,35.1,129.2262534,0.1,0.00071,0.002,0.004,2235.92929112564,732735,5926115,733875,5927665,453.36586315426,426.534711660752,0
141,141,142,0.012,35.1,129.2262534,0.1,0.00071,0.002,0.004,2222.79220613579,733895,5927675,734695,5929405,426.534711660752,399.861205187122,0
142,142,143,0.012,35.1,129.2262534,0.1,0.00071,0.002,0.004,2243.79725676967,734685,5929415,735855,5930165,399.861205187122,372.935638105886,0
143,143,144,0.012,35.1,129.2262534,0.1,0.00071,0.002,0.004,2238.23376490863,735885,5930165,736395,5930645,372.935638105886,346.076832926983,0
144,144,145,0.012,35.1,129.2262534,0.1,0.00071,0.002,0.004,2244.80230740355,736405,5930655,738165,5930845,346.076832926983,319.13920523814,0
145,145,146,0.012,44.72,132.8116684,0.1,0.00071,0.002,0.004,1924.80230740356,738165,5930825,738545,5931245,319.13920523814,296.041577549297,0
146,146,147,0.012,55.9,132.8116684,0.1,0.00071,0.002,0.004,1920.66017177983,738545,5931255,739525,5931515,296.041577549297,272.993655487939,150
147,147,148,0.012,55.9,132.8116684,0.1,0.00071,0.002,0.004,1931.66522241369,739535,5931505,739905,5932245,272.993655487939,249.813672818975,150
148,148,149,0.012,55.9,132.8116684,0.1,0.00071,0.002,0.004,1928.52813742386,739895,5932275,740635,5933155,249.813672818975,226.671335169889,150
149,149,150,0.012,44.72,132.8116684,0.1,0.00071,0.002,0.004,1939.23881554252,740635,5933165,741145,5931915,226.671335169889,203.400469383379,0
150,150,151,0.012,44.72,132.8116684,0.1,0.00071,0.002,0.004,1931.66522241368,741135,5931905,741535,5931075,203.400469383379,180.220486714414,0
151,151,152,0.012,60.08,153.1828704,0.1,0.0005,0.00118,0.00283,2212.08152801714,741555,5931095,742575,5931435,180.220486714414,153.675508378209,0
152,152,153,0.012,60.08,153.1828704,0.1,0.0005,0.00118,0.00283,2219.36074863071,742585,5931425,743635,5932285,153.675508378209,127.04317939464,0
153,153,88,0.012,60.08,153.1828704,0.1,0.0005,0.00118,0.00283,2224.50793488829,743635,5932295,744385,5932865,127.04317939464,100.349084175981,0
154,154,155,0.032862,13.0403284,4.348218316,0.1,0.0005,0.00141,0.00283,2306.93434175952,727215,5919215,728615,5918715,733.785922150746,657.975445811844,0
155,155,156,0.032862,13.0403284,4.348218316,0.1,0.0005,0.00141,0.00283,2316.22366364086,728615,5918705,729685,5918045,657.975445811844,581.859703777278,0
156,156,157,0.022646,12.91505304,4.277613895,0.1,0.0005,0.00141,0.00283,2434.92424049176,729695,5918035,730935,5917955,581.859703777278,526.718409427102,0
157,157,158,0.022646,12.91505304,4.277613895,0.1,0.0005,0.00141,0.00283,2452.79220613578,730945,5917965,732075,5918905,526.718409427102,471.172477126951,0
158,158,159,0.007,16,43.9889105,0.1,0.0005,0.00141,0.00283,1941.37084989848,732065,5918915,732665,5920075,471.172477126951,457.582881177662,0
159,159,160,0.007,16,43.9889105,0.1,0.0005,0.00141,0.00283,1944.09162928491,732675,5920075,733695,5920445,457.582881177662,443.974239772667,0
160,160,161,0.007,16,43.9889105,0.1,0.0005,0.00141,0.00283,1949.94949366117,733715,5920455,735095,5920845,443.974239772667,430.324593317039,0
161,161,162,0.007,16,43.9889105,0.1,0.0005,0.00141,0.00283,1948.94444302729,735105,5920845,736565,5920825,430.324593317039,416.681982215848,0
162,162,163,0.015,33.2,89.51790904,0.1,0.00071,0.001,0.002,1663.08657865102,736575,5920855,737645,5921855,416.681982215848,391.735683536083,0
163,163,164,0.015,33.2,89.51790904,0.1,0.00071,0.001,0.002,1679.23881554252,737655,5921865,738165,5922825,391.735683536083,366.547101302945,0
164,164,165,0.015,33.2,89.51790904,0.1,0.00071,0.001,0.002,1677.52308678996,738165,5922815,739015,5922925,366.547101302945,341.384255001096,0
165,165,166,0.015,33.2,89.51790904,0.1,0.00071,0.001,0.002,1675.09667991878,739025,5922945,739845,5923995,341.384255001096,316.257804802314,0
166,166,167,0.015,33.2,89.51790904,0.1,0.00071,0.001,0.002,1670.95454429506,739845,5924005,739445,5924885,316.257804802314,291.193486637888,0
167,167,168,0.015,33.2,89.51790904,0.1,0.00071,0.001,0.002,1675.80735803743,739445,5924895,740195,5925855,291.193486637888,266.056376267327,0
168,168,169,0.009,27.49351076,70.29043864,0.1,0.00071,0.001,0.002,462.842712474667,740205,5925875,740555,5926085,266.056376267327,261.890791855055,0
169,169,170,0.009,23.84249513,93.64134659,0.1,0.0005,0.00118,0.00283,2008.52813742386,740555,5926085,740755,5927035,261.890791855055,243.81403861824,0
170,170,171,0.009,23.84249513,93.64134659,0.1,0.0005,0.00118,0.00283,2026.22366364087,740745,5927035,740825,5928095,243.81403861824,225.578025645472,0
171,171,172,0.009,29.36,66.67278716,0.1,0.0005,0.00118,0.00283,1673.67532368147,740835,5928085,740875,5929085,225.578025645472,210.514947732339,0
172,172,173,0.009,36.7,66.67278716,0.1,0.0005,0.00118,0.00283,1687.52308678998,740885,5929095,741605,5929935,210.514947732339,195.327239951229,250
173,173,151,0.009,36.7,66.67278716,0.1,0.0005,0.00118,0.00283,1678.52813742385,741615,5929945,741555,5931085,195.327239951229,180.220486714414,250
174,174,175,0.034036,10.32970324,2.117695868,0.1,0.001,0.002,0.00283,1373.67532368121,726985,5934305,727295,5935365,575.6318341179,528.877420801086,0
175,175,176,0.028,10,8.953508605,0.2,0.0005,0.00141,0.00283,3636.46752981727,727295,5935365,728895,5936225,528.877420801086,427.056329966202,0
176,176,177,0.029,11.36,23.96357156,0.1,0.00071,0.002,0.004,2222.08152801714,728905,5936225,730035,5935585,427.056329966202,362.615965653705,0
177,177,178,0.029,11.36,23.96357156,0.1,0.00071,0.002,0.004,2237.64501987817,730035,5935575,731465,5935025,362.615965653705,297.724260077238,0
178,178,179,0.01,29.44,34.8364993,0.1,0.00071,0.00141,0.00283,2447.22871427475,731475,5935025,732835,5934685,297.724260077238,273.251972934491,0
179,179,180,0.01,29.44,34.8364993,0.1,0.00071,0.00141,0.00283,2444.50793488832,732845,5934685,734595,5935515,273.251972934491,248.806893585608,0
180,180,181,0.01,36.8,34.8364993,0.1,0.00071,0.00141,0.00283,2453.91918985787,734625,5935525,736475,5935715,248.806893585608,224.267701687029,75
181,181,182,0.01,36.8,34.8364993,0.1,0.00071,0.00141,0.00283,2454.21356237309,736485,5935715,736985,5935285,224.267701687029,199.725566063298,75
182,182,183,0.01,29.44,34.8364993,0.1,0.00071,0.00141,0.00283,2463.50288425445,736995,5935265,738265,5934975,199.725566063298,175.090537220753,0
183,183,184,0.01,29.44,34.8364993,0.1,0.00071,0.00141,0.00283,2465.92929112563,738275,5934975,738745,5934455,175.090537220753,150.431244309497,0
184,184,185,0.004,23.56260321,36.98249286,0.1,0.00071,0.002,0.004,2181.07647738325,738765,5934445,740385,5934105,150.431244309497,141.706938399964,0
185,185,85,0.004,23.56260321,36.98249286,0.1,0.00071,0.002,0.004,2189.36074863071,740395,5934105,740865,5935235,141.706938399964,132.949495405441,0
186,186,187,0.090419,10.57640636,2.069383415,0.1,0.00071,0.00141,0.004,615.269119345699,722885,5939685,723405,5939715,551.40535782619,495.773339324071,0
187,187,188,0.028,50,10.97262204,0.2,0.0005,0.00141,0.00283,3772.61976670876,723405,5939715,725425,5941805,495.773339324071,390.139985856226,250
188,188,189,0.028,50,22.48317661,0.2,0.0005,0.00141,0.00283,2846.22366364044,725435,5941805,727695,5941615,390.139985856226,310.445723274293,250
189,189,190,0.01,20.6,21.26888988,0.1,0.001,0.002,0.00283,1538.11183182043,727695,5941615,728495,5941635,310.445723274293,295.064604956089,150
190,190,191,0.01,20.6,21.26888988,0.1,0.001,0.002,0.00283,1545.09667991879,728505,5941625,728975,5942335,295.064604956089,279.613638156901,150
191,191,74,0.006,17.28,22.28774162,0.1,0.0005,0.00141,0.00566,2724.21356237261,728985,5942335,730775,5942855,279.613638156901,263.268356782666,0
192,192,193,0.044,21.65256957,26.47522439,0.1,0.001,0.00236,0.004,2038.23376490863,740735,5951845,742115,5952325,799.590767738797,709.908482082817,0
193,193,194,0.044,21.65256957,26.47522439,0.1,0.001,0.00236,0.004,2043.79725676968,742125,5952335,742605,5952195,709.908482082817,619.981402784951,0
194,194,195,0.044,21.65256957,26.47522439,0.1,0.001,0.00236,0.004,2039.23881554249,742615,5952195,743435,5951495,619.981402784951,530.254894901082,0
195,195,196,0.044,21.65256957,26.47522439,0.1,0.001,0.00236,0.004,2033.79725676967,743445,5951465,743945,5950595,530.254894901082,440.767815603216,0
196,196,197,0.044,21.65256957,26.47522439,0.1,0.001,0.00236,0.004,2051.66522241371,743945,5950585,744685,5949935,440.767815603216,350.494545817013,0
197,197,198,0.044,21.65256957,26.47522439,0.1,0.001,0.00236,0.004,2049.94949366114,744675,5949925,745155,5948845,350.494545817013,260.296768095923,0
198,198,199,0.008,21.7,37.13333344,0.1,0.001,0.00236,0.004,2054.80230740356,745175,5948825,746345,5948715,260.296768095923,243.858349636694,0
199,199,200,0.008,21.7,37.13333344,0.1,0.001,0.00236,0.004,2074.50793488833,746335,5948715,746675,5947805,243.858349636694,227.262286157588,0
200,200,201,0.005,54.3,109.3239546,0.1,0.001,0.002,0.004,1756.10173055267,746665,5947795,747075,5947005,227.262286157588,218.481777504824,0
201,201,202,0.005,54.3,109.3239546,0.1,0.001,0.002,0.004,1758.23376490864,747085,5946995,748295,5946825,218.481777504824,209.690608680281,0
202,202,203,0.005,54.3,109.3239546,0.1,0.001,0.002,0.004,1758.23376490861,748295,5946815,747475,5945715,209.690608680281,200.899439855738,0
203,203,204,0.005,33.67436977,110.9587972,0.1,0.001,0.002,0.004,2038.65007051206,747475,5945705,748665,5944645,200.899439855738,190.706189503178,0
204,204,205,0.005,33.67436977,110.9587972,0.1,0.001,0.002,0.004,2058.65007051206,748675,5944645,749825,5944795,190.706189503178,180.412939150617,0
205,205,206,0.005,33.67436977,110.9587972,0.1,0.001,0.002,0.004,2055.80735803741,749815,5944785,750465,5944795,180.412939150617,170.13390236043,0
206,206,207,0.005,33.67436977,110.9587972,0.1,0.001,0.002,0.004,2053.08657865102,750485,5944785,751315,5945785,170.13390236043,159.868469467175,0
207,207,208,0.005,33.67436977,110.9587972,0.1,0.001,0.002,0.004,2058.23376490864,751315,5945795,752675,5946335,159.868469467175,149.577300642632,0
208,208,39,0.005,33.67436977,110.9587972,0.1,0.001,0.002,0.004,2064.50793488829,752685,5946325,754265,5945425,149.577300642632,139.254760968191,0
209,209,210,0.064393,14.85589693,6.932837042,0.1,0.00071,0.00141,0.004,2063.08657865102,733535,5951025,732695,5949465,660.587037970367,527.738703911292,0
210,210,211,0.064393,14.85589693,6.932837042,0.1,0.00071,0.00141,0.004,2082.67027304759,732695,5949455,732265,5947715,527.738703911292,393.629317018939,0
211,211,212,0.02,46.5405048570327,11.81287745,0.2,0.00071,0.001,0.002,6642.6911934581,732255,5947705,732595,5942415,393.629317018939,260.775493149776,250
212,212,76,0.011,13.04,13.97827032,0.1,0.0005,0.00141,0.00566,2200.66017177946,732595,5942405,732935,5941045,260.775493149776,236.568231260202,0
213,213,214,0.186,8.118534959,0.805207554,0.1,0.0005,0.001,0.00283,1552.96464556282,736565,5945325,737805,5945155,1004.4852467036,715.633822628914,0
214,214,215,0.186,8.118534959,0.805207554,0.1,0.0005,0.001,0.00283,1567.81745930521,737815,5945145,738985,5944815,715.633822628914,424.019775198146,0
215,215,216,0.02,50,14.86694325,0.2,0.00071,0.001,0.002,6996.95526217002,738995,5944805,743965,5943555,424.019775198146,284.080669954745,150
216,216,217,0.011,30.5,42.01372338,0.1,0.00071,0.00118,0.002,1883.38095116625,743965,5943545,744985,5943325,284.080669954745,263.363479491916,0
217,217,218,0.011,30.5,42.01372338,0.1,0.00071,0.00118,0.002,1891.66522241371,744995,5943325,746065,5943595,263.363479491916,242.555162045366,0
218,218,219,0.011,30.5,42.01372338,0.1,0.00071,0.00118,0.002,1887.9393923934,746065,5943625,746385,5944935,242.555162045366,221.787828729038,0
219,219,203,0.011,30.5,42.01372338,0.1,0.00071,0.00118,0.002,1898.94444302729,746385,5944945,747445,5945725,221.787828729038,200.899439855738,0
220,220,221,0.064408,8.953674655,1.145085663,0.1,0.00071,0.00141,0.004,482.842712474521,723145,5941935,723265,5942335,522.200111128846,491.101177703787,0
221,221,188,0.028,29.1981104980316,3.197027849,0.2,0.0005,0.00141,0.00283,3605.75685169861,723265,5942335,725425,5941815,491.101177703787,390.139985856226,200
222,222,223,0.088,12.62768063,3.889152487,0.1,0.00071,0.00141,0.00283,1652.67027304759,743885,5954915,744535,5953785,782.256214373715,636.821230345527,0
223,223,224,0.088,12.62768063,3.889152487,0.1,0.00071,0.00141,0.00283,1652.67027304759,744535,5953775,745065,5952985,636.821230345527,491.386246317338,0
224,224,225,0.088,12.62768063,3.889152487,0.1,0.00071,0.00141,0.00283,1661.24891681027,745075,5952985,746065,5952785,491.386246317338,345.196341638034,0
225,225,226,0.022,11.8,3.763419977,0.1,0.00071,0.00141,0.00283,1550.95454429505,746075,5952795,747185,5952825,345.196341638034,311.075341663543,0
226,226,227,0.022,11.8,3.763419977,0.1,0.00071,0.00141,0.00283,1576.10173055267,747175,5952815,747955,5952125,311.075341663543,276.401103591384,0
227,227,228,0.014,22.30207816,22.79568642,0.1,0.00071,0.00141,0.00283,2027.52308678998,747965,5952115,749335,5951845,276.401103591384,248.015780376325,0
228,228,229,0.014,22.30207816,22.79568642,0.1,0.00071,0.00141,0.00283,2043.08657865102,749345,5951855,750885,5951625,248.015780376325,219.41256827521,0
229,229,230,0.014,22.30207816,22.79568642,0.1,0.00071,0.00141,0.00283,2042.37590053236,750895,5951605,751845,5952735,219.41256827521,190.819305667757,0
230,230,34,0.014,22.30207816,22.79568642,0.1,0.00071,0.00141,0.00283,2051.66522241371,751855,5952745,752995,5952525,190.819305667757,162.095992553965,0
231,231,232,0.077,13.46646538,10.14702223,0.1,0.0005,0.001,0.002,1790.66017177982,733335,5921575,734265,5922665,703.633498637695,565.752665410649,0
232,232,233,0.077,13.46646538,10.14702223,0.1,0.0005,0.001,0.002,1789.53318805775,734275,5922675,734715,5924155,565.752665410649,427.958609930202,0
233,233,234,0.02,50,11.04760987,0.2,0.00071,0.001,0.002,6235.41197284452,734725,5924165,738485,5926105,427.958609930202,303.250370473312,150
234,234,168,0.013,8.8,11.48012429,0.1,0.0005,0.00118,0.00283,2861.07647738347,738485,5926115,740205,5925875,303.250370473312,266.056376267327,0
235,235,236,0.057874,12.26425905,3.597829138,0.1,0.0005,0.00141,0.004,1888.528137424,742495,5917725,742765,5919075,458.03940139194,348.742723966663,0
236,236,237,0.028,50,6.132600213,0.2,0.0005,0.00141,0.00283,5479.13780286484,742765,5919075,744885,5922595,348.742723966663,195.326865486448,175
237,237,238,0.01,50,13.21854618,0.1,0.00035,0.00071,0.002,6038.25468531915,744895,5922585,747985,5924425,195.326865486448,134.944318633256,175
238,238,239,0.007,19.52,70.50583858,0.1,0.0005,0.00118,0.00283,2142.08152801714,747995,5924425,748335,5925845,134.944318633256,119.949747937136,0
239,239,240,0.007,19.52,70.50583858,0.1,0.0005,0.00118,0.00283,2137.93939239341,748345,5925855,749185,5927555,119.949747937136,104.984172190382,0
240,240,241,0.007,19.52,70.50583858,0.1,0.0005,0.00118,0.00283,2152.08152801714,749185,5927585,749805,5929105,104.984172190382,89.9196014942624,0
241,241,242,0.007,19.52,70.50583858,0.1,0.0005,0.00118,0.00283,2163.08657865102,749805,5929115,750475,5930435,89.9196014942624,74.7779954437053,0
242,242,94,0.033,42.5,51.3140091,0.1,0.000233390034928619,0.000455452025285418,0.00102813731605753,1087.81745930522,750495,5930435,750915,5931205,74.7779954437053,38.880019286633,0
243,243,244,0.038,150,0.789086321,0.1,0.00071,0.001,0.002,2164.80230740318,740095,5919005,740255,5920615,458.611711538983,376.349223857662,0
244,244,245,0.02,178.1,3.490462914,0.2,0.00071,0.001,0.002,3938.47763108503,740255,5920615,740585,5923715,376.349223857662,297.579671235962,0
245,245,246,0.010338,14.95676526,6.639935064,0.1,0.00071,0.001,0.002,1716.81240867132,740585,5923725,740315,5924975,297.579671235962,279.831264555118,0
246,246,169,0.010338,14.95676526,6.639935064,0.1,0.00071,0.001,0.002,1735.39105243402,740315,5924985,740555,5926075,279.831264555118,261.890791855055,0
247,247,248,0.04049,10.80488615,1.85697377,0.1,0.001,0.004,0.017,1123.25901807813,746575,5917545,747085,5918235,410.287602823862,364.806845181878,0
248,248,249,0.028,47.138542806084,6.668885578,0.2,0.0005,0.00141,0.00283,7224.82322781405,747085,5918235,747715,5921875,364.806845181878,162.511794803085,150
249,249,250,0.006,19.68,12.18196504,0.1,0.001,0.004,0.017,1601.66522241387,747725,5921885,748515,5922795,162.511794803085,152.901803468602,0
250,250,238,0.006,15.84,12.78586011,0.1,0.001,0.004,0.017,2992.91413922427,748515,5922795,747995,5924425,152.901803468602,134.944318633256,0
251,251,252,0.015843,8.163688966,1.02,0.1,0.0005,0.00141,0.00283,110.710678118667,749205,5918945,749275,5919015,343.351208920102,341.597219646668,0
252,252,253,0.028,178.1,1.69357625,0.1,0.0005,0.00141,0.00283,1646.81240867147,749275,5919015,749795,5920285,341.597219646668,295.486472203867,0
253,253,254,0.016,23.8,3.30138572,0.1,0.0005,0.00141,0.00283,2237.9393923936,749795,5920285,749795,5921915,295.486472203867,259.679441925569,0
254,254,255,0.01,152.9,4.232904726,0.1,0.0005,0.00141,0.00283,2196.51803615627,749795,5921915,750085,5923655,259.679441925569,237.714261564007,0
255,255,256,0.015,17.9,28.1407342,0.1,0.0005,0.00141,0.00283,1750.2438661764,750085,5923655,750785,5924605,237.714261564007,211.460603571361,0
256,256,257,0.015,17.9,28.1407342,0.1,0.0005,0.00141,0.00283,1758.23376490864,750795,5924595,751575,5925585,211.460603571361,185.087097097731,0
257,257,258,0.015,17.9,28.1407342,0.1,0.0005,0.00141,0.00283,1769.94949366115,751575,5925595,752185,5926935,185.087097097731,158.537854692814,0
258,258,259,0.015,18.87661271,31.5408505,0.1,0.0005,0.00141,0.00283,1854.80230740356,752195,5926945,751645,5928365,158.537854692814,130.71582008176,0
259,259,260,0.015,18.87661271,31.5408505,0.1,0.0005,0.00141,0.00283,1863.38095116625,751645,5928375,751275,5929305,130.71582008176,102.765105814267,0
260,260,242,0.015,18.87661271,31.5408505,0.1,0.0005,0.00141,0.00283,1865.80735803742,751285,5929305,750495,5930425,102.765105814267,74.7779954437053,0
261,261,262,0.013565,8.535618701,1.170622726,0.1,0.00035,0.00071,0.00141,2441.37084989867,752695,5921285,753265,5923005,335.527595638114,302.410400059238,0
262,262,263,0.028,43.7386254799718,5.865097554,0.2,0.0005,0.00141,0.00283,4818.59956417322,753265,5923005,752745,5926135,302.410400059238,167.489612262388,150
263,263,258,0.007,17.6871300536352,6.921642646,0.1,0.00035,0.00071,0.002,1278.8225099392,752735,5926145,752195,5926945,167.489612262388,158.537854692814,250
